{"v":"5.7.3","fr":60,"ip":0,"op":220,"w":512,"h":512,"nm":"Comp 2","ddd":0,"assets":[],"layers":[{"ddd":0,"ind":1,"ty":4,"nm":"Shape Layer 2","sr":1,"ks":{"o":{"a":1,"k":[{"i":{"x":[0.833],"y":[0.833]},"o":{"x":[0.167],"y":[0.167]},"t":80,"s":[0]},{"i":{"x":[0.833],"y":[0.833]},"o":{"x":[0.167],"y":[0.167]},"t":100,"s":[100]},{"i":{"x":[0.833],"y":[0.833]},"o":{"x":[0.167],"y":[0.167]},"t":130,"s":[100]},{"t":150,"s":[0]}],"ix":11},"r":{"a":0,"k":0,"ix":10},"p":{"a":0,"k":[256,256,0],"ix":2},"a":{"a":0,"k":[0,0,0],"ix":1},"s":{"a":0,"k":[100,100,100],"ix":6}},"ao":0,"shapes":[{"ty":"gr","it":[{"ind":0,"ty":"sh","ix":1,"ks":{"a":0,"k":{"i":[[0,0],[0.743,0.346],[1.253,-0.422],[0,0],[1.69,0.569],[0.751,-0.348],[0.738,-1.243],[-0.407,-2.08],[-0.861,-1.126],[0,0],[-1.148,0],[0,0],[-0.861,1.126],[0,0]],"o":[[-0.741,-1.243],[-0.75,-0.348],[-1.69,0.569],[0,0],[-1.253,-0.422],[-0.743,0.346],[0,0],[0,0],[0.861,1.126],[0,0],[1.148,0],[0,0],[0.861,-1.126],[0.407,-2.08]],"v":[[8.85,-5.416],[6.581,-7.495],[3.284,-7.623],[0,-4.952],[-3.284,-7.623],[-6.581,-7.495],[-8.85,-5.416],[-9.338,-1.997],[-8.344,0.167],[-1.835,7.316],[0,8.045],[1.825,7.226],[8.344,0.167],[9.338,-1.997]],"c":true},"ix":2},"nm":"Path 1","mn":"ADBE Vector Shape - Group","hd":false},{"ty":"fl","c":{"a":0,"k":[1,0.21568627450980393,0.3803921568627451,1],"ix":4},"o":{"a":0,"k":100,"ix":5},"r":1,"bm":0,"nm":"Fill 1","mn":"ADBE Vector Graphic - Fill","hd":false},{"ty":"tr","p":{"a":0,"k":[0,-7.276],"ix":2},"a":{"a":0,"k":[0,0],"ix":1},"s":{"a":0,"k":[100,100],"ix":3},"r":{"a":0,"k":0,"ix":6},"o":{"a":0,"k":100,"ix":7},"sk":{"a":0,"k":0,"ix":4},"sa":{"a":0,"k":0,"ix":5},"nm":"Transform"}],"nm":"Shape 1","np":3,"cix":2,"bm":0,"ix":1,"mn":"ADBE Vector Group","hd":false}],"ip":0,"op":240,"st":0,"bm":0},{"ddd":0,"ind":2,"ty":4,"nm":"Shape Layer 1","sr":1,"ks":{"o":{"a":1,"k":[{"i":{"x":[0.833],"y":[0.833]},"o":{"x":[0.167],"y":[0.167]},"t":0,"s":[0]},{"i":{"x":[0.833],"y":[0.833]},"o":{"x":[0.167],"y":[0.167]},"t":20,"s":[100]},{"i":{"x":[0.833],"y":[0.833]},"o":{"x":[0.167],"y":[0.167]},"t":200,"s":[100]},{"t":220,"s":[0]}],"ix":11},"r":{"a":0,"k":0,"ix":10},"p":{"a":0,"k":[256,256,0],"ix":2},"a":{"a":0,"k":[0,0,0],"ix":1},"s":{"a":0,"k":[100,100,100],"ix":6}},"ao":0,"shapes":[{"ty":"gr","it":[{"ind":0,"ty":"sh","ix":1,"ks":{"a":0,"k":{"i":[[0,0],[5.1,1.717],[2.265,-1.051],[2.228,-3.753],[-1.229,-6.277],[-2.598,-3.397],[0,0],[-3.464,0],[0,0],[-4.522,4.822],[-1.308,1.711],[0,0],[0.478,1.173],[6.244,0],[2.661,-5.187],[-0.931,-4.757],[-2.598,-3.397],[-4.614,-4.998],[0,0],[-3.464,0],[0,0],[-2.598,3.397],[0,0],[0,0],[2.243,1.044],[3.783,-1.273],[0,0]],"o":[[0,0],[-3.782,-1.273],[-2.243,1.044],[0,0],[0,0],[2.598,3.397],[0,0],[3.464,0],[0,0],[4.613,-4.998],[2.598,-3.397],[0.931,-4.757],[-2.654,-5.206],[-6.23,0],[-0.478,1.173],[0,0],[1.308,1.711],[4.562,4.943],[0,0],[3.464,0],[0,0],[2.598,-3.397],[1.229,-6.277],[-2.235,-3.753],[-2.265,-1.051],[-5.1,1.717],[0,0]],"v":[[-14.25,-14.944],[-24.161,-23.005],[-34.11,-22.62],[-40.957,-16.343],[-42.43,-6.025],[-39.432,0.503],[-19.787,22.08],[-14.25,24.278],[-8.743,21.806],[-0.072,12.634],[10.852,0.503],[14.572,-6.066],[14.288,-14.994],[-0.022,-23.765],[-14.315,-15.028],[-14.716,-6.066],[-10.997,0.503],[-0.072,12.634],[8.713,22.08],[14.25,24.278],[19.757,21.806],[39.432,0.503],[42.43,-6.025],[40.957,-16.343],[34.11,-22.62],[24.161,-23.005],[14.25,-14.944]],"c":false},"ix":2},"nm":"Path 1","mn":"ADBE Vector Shape - Group","hd":false},{"ty":"tm","s":{"a":1,"k":[{"i":{"x":[0.833],"y":[0.833]},"o":{"x":[0.333],"y":[0]},"t":130,"s":[0]},{"t":220,"s":[100]}],"ix":1},"e":{"a":1,"k":[{"i":{"x":[0.833],"y":[0.833]},"o":{"x":[0.333],"y":[0]},"t":0,"s":[0]},{"t":90,"s":[100]}],"ix":2},"o":{"a":0,"k":0,"ix":3},"m":1,"ix":2,"nm":"Trim Paths 1","mn":"ADBE Vector Filter - Trim","hd":false},{"ty":"st","c":{"a":0,"k":[1,0.21568627450980393,0.3803921568627451,1],"ix":3},"o":{"a":0,"k":100,"ix":4},"w":{"a":0,"k":4,"ix":5},"lc":2,"lj":1,"ml":4,"bm":0,"nm":"Stroke 1","mn":"ADBE Vector Graphic - Stroke","hd":false},{"ty":"tr","p":{"a":0,"k":[0,0],"ix":2},"a":{"a":0,"k":[0,0],"ix":1},"s":{"a":0,"k":[100,100],"ix":3},"r":{"a":0,"k":0,"ix":6},"o":{"a":0,"k":100,"ix":7},"sk":{"a":0,"k":0,"ix":4},"sa":{"a":0,"k":0,"ix":5},"nm":"Transform"}],"nm":"Shape 1","np":4,"cix":2,"bm":0,"ix":1,"mn":"ADBE Vector Group","hd":false}],"ip":0,"op":240,"st":0,"bm":0}],"markers":[]}