{
  "v": "5.7.4",
  "fr": 100,
  "ip": 0,
  "op": 200,
  "w": 500,
  "h": 500,
  "nm": "Typing",
  "ddd": 0,
  "assets": [],
  "layers": [
    {
      "ddd": 0,
      "ind": 1,
      "ty": 4,
      "nm": "Rond 3",
      "sr": 1,
      "ks": {
        "o": {
          "a": 0,
          "k": 100,
          "ix": 11
        },
        "r": {
          "a": 0,
          "k": 0,
          "ix": 10
        },
        "p": {
          "a": 1,
          "k": [
            {
              "i": {
                "x": 0.833,
                "y": 0.833
              },
              "o": {
                "x": 0.167,
                "y": 0.167
              },
              "t": 36,
              "s": [
                319.75,
                271.424,
                0
              ],
              "to": [
                0,
                -6.862,
                0
              ],
              "ti": [
                0,
                0,
                0
              ]
            },
            {
              "i": {
                "x": 0.833,
                "y": 0.833
              },
              "o": {
                "x": 0.167,
                "y": 0.167
              },
              "t": 61,
              "s": [
                319.75,
                230.25000000000003,
                0
              ],
              "to": [
                0,
                0,
                0
              ],
              "ti": [
                0,
                -6.862,
                0
              ]
            },
            {
              "t": 92,
              "s": [
                319.75,
                271.424,
                0
              ]
            }
          ],
          "ix": 2,
          "l": 2
        },
        "a": {
          "a": 0,
          "k": [
            0,
            0,
            0
          ],
          "ix": 1,
          "l": 2
        },
        "s": {
          "a": 0,
          "k": [
            100,
            100,
            100
          ],
          "ix": 6,
          "l": 2
        }
      },
      "ao": 0,
      "shapes": [
        {
          "ty": "gr",
          "it": [
            {
              "d": 1,
              "ty": "el",
              "s": {
                "a": 0,
                "k": [
                  47,
                  47
                ],
                "ix": 2
              },
              "p": {
                "a": 0,
                "k": [
                  0,
                  0
                ],
                "ix": 3
              },
              "nm": "Tracé d'ellipse 1",
              "mn": "ADBE Vector Shape - Ellipse",
              "hd": false
            },
            {
              "ty": "st",
              "c": {
                "a": 0,
                "k": [
                  0.003921568627,
                  0.619607843137,
                  0.525490196078,
                  1
                ],
                "ix": 3
              },
              "o": {
                "a": 0,
                "k": 100,
                "ix": 4
              },
              "w": {
                "a": 0,
                "k": 0,
                "ix": 5
              },
              "lc": 1,
              "lj": 1,
              "ml": 4,
              "bm": 0,
              "nm": "Contour 1",
              "mn": "ADBE Vector Graphic - Stroke",
              "hd": false
            },
            {
              "ty": "fl",
              "c": {
                "a": 0,
                "k": [
                  1,
                  0.21568627450980393,
                  0.3803921568627451,
                  1
                ],
                "ix": 4
              },
              "o": {
                "a": 0,
                "k": 100,
                "ix": 5
              },
              "r": 1,
              "bm": 0,
              "nm": "Fond 1",
              "mn": "ADBE Vector Graphic - Fill",
              "hd": false
            },
            {
              "ty": "tr",
              "p": {
                "a": 0,
                "k": [
                  9.75,
                  1.25
                ],
                "ix": 2
              },
              "a": {
                "a": 0,
                "k": [
                  0,
                  0
                ],
                "ix": 1
              },
              "s": {
                "a": 0,
                "k": [
                  100,
                  100
                ],
                "ix": 3
              },
              "r": {
                "a": 0,
                "k": 0,
                "ix": 6
              },
              "o": {
                "a": 0,
                "k": 100,
                "ix": 7
              },
              "sk": {
                "a": 0,
                "k": 0,
                "ix": 4
              },
              "sa": {
                "a": 0,
                "k": 0,
                "ix": 5
              },
              "nm": "Transformer "
            }
          ],
          "nm": "Ellipse 1",
          "np": 3,
          "cix": 2,
          "bm": 0,
          "ix": 1,
          "mn": "ADBE Vector Group",
          "hd": false
        }
      ],
      "ip": 0,
      "op": 1800,
      "st": 0,
      "bm": 0
    },
    {
      "ddd": 0,
      "ind": 2,
      "ty": 4,
      "nm": "Rond 2",
      "sr": 1,
      "ks": {
        "o": {
          "a": 0,
          "k": 100,
          "ix": 11
        },
        "r": {
          "a": 0,
          "k": 0,
          "ix": 10
        },
        "p": {
          "a": 1,
          "k": [
            {
              "i": {
                "x": 0.833,
                "y": 0.833
              },
              "o": {
                "x": 0.167,
                "y": 0.167
              },
              "t": 18,
              "s": [
                241.125,
                271.424,
                0
              ],
              "to": [
                0,
                -6.862,
                0
              ],
              "ti": [
                0,
                0,
                0
              ]
            },
            {
              "i": {
                "x": 0.833,
                "y": 0.833
              },
              "o": {
                "x": 0.167,
                "y": 0.167
              },
              "t": 43,
              "s": [
                241.125,
                230.25000000000003,
                0
              ],
              "to": [
                0,
                0,
                0
              ],
              "ti": [
                0,
                -3.157,
                0
              ]
            },
            {
              "t": 74,
              "s": [
                241.125,
                271.424,
                0
              ]
            }
          ],
          "ix": 2,
          "l": 2
        },
        "a": {
          "a": 0,
          "k": [
            0,
            0,
            0
          ],
          "ix": 1,
          "l": 2
        },
        "s": {
          "a": 0,
          "k": [
            100,
            100,
            100
          ],
          "ix": 6,
          "l": 2
        }
      },
      "ao": 0,
      "shapes": [
        {
          "ty": "gr",
          "it": [
            {
              "d": 1,
              "ty": "el",
              "s": {
                "a": 0,
                "k": [
                  47,
                  47
                ],
                "ix": 2
              },
              "p": {
                "a": 0,
                "k": [
                  0,
                  0
                ],
                "ix": 3
              },
              "nm": "Tracé d'ellipse 1",
              "mn": "ADBE Vector Shape - Ellipse",
              "hd": false
            },
            {
              "ty": "st",
              "c": {
                "a": 0,
                "k": [
                  0.003921568627,
                  0.619607843137,
                  0.525490196078,
                  1
                ],
                "ix": 3
              },
              "o": {
                "a": 0,
                "k": 100,
                "ix": 4
              },
              "w": {
                "a": 0,
                "k": 0,
                "ix": 5
              },
              "lc": 1,
              "lj": 1,
              "ml": 4,
              "bm": 0,
              "nm": "Contour 1",
              "mn": "ADBE Vector Graphic - Stroke",
              "hd": false
            },
            {
              "ty": "fl",
              "c": {
                "a": 0,
                "k": [
                  1,
                  0.21568627450980393,
                  0.3803921568627451,
                  1
                ],
                "ix": 4
              },
              "o": {
                "a": 0,
                "k": 100,
                "ix": 5
              },
              "r": 1,
              "bm": 0,
              "nm": "Fond 1",
              "mn": "ADBE Vector Graphic - Fill",
              "hd": false
            },
            {
              "ty": "tr",
              "p": {
                "a": 0,
                "k": [
                  9.75,
                  1.25
                ],
                "ix": 2
              },
              "a": {
                "a": 0,
                "k": [
                  0,
                  0
                ],
                "ix": 1
              },
              "s": {
                "a": 0,
                "k": [
                  100,
                  100
                ],
                "ix": 3
              },
              "r": {
                "a": 0,
                "k": 0,
                "ix": 6
              },
              "o": {
                "a": 0,
                "k": 100,
                "ix": 7
              },
              "sk": {
                "a": 0,
                "k": 0,
                "ix": 4
              },
              "sa": {
                "a": 0,
                "k": 0,
                "ix": 5
              },
              "nm": "Transformer "
            }
          ],
          "nm": "Ellipse 1",
          "np": 3,
          "cix": 2,
          "bm": 0,
          "ix": 1,
          "mn": "ADBE Vector Group",
          "hd": false
        }
      ],
      "ip": 0,
      "op": 1800,
      "st": 0,
      "bm": 0
    },
    {
      "ddd": 0,
      "ind": 3,
      "ty": 4,
      "nm": "Rond 1",
      "sr": 1,
      "ks": {
        "o": {
          "a": 0,
          "k": 100,
          "ix": 11
        },
        "r": {
          "a": 0,
          "k": 0,
          "ix": 10
        },
        "p": {
          "a": 1,
          "k": [
            {
              "i": {
                "x": 0.833,
                "y": 0.833
              },
              "o": {
                "x": 0.167,
                "y": 0.167
              },
              "t": 0,
              "s": [
                162.5,
                271.424,
                0
              ],
              "to": [
                0,
                -6.862,
                0
              ],
              "ti": [
                0,
                0,
                0
              ]
            },
            {
              "i": {
                "x": 0.833,
                "y": 0.833
              },
              "o": {
                "x": 0.167,
                "y": 0.167
              },
              "t": 25,
              "s": [
                162.5,
                230.25000000000003,
                0
              ],
              "to": [
                0,
                0,
                0
              ],
              "ti": [
                0,
                -6.862,
                0
              ]
            },
            {
              "t": 56,
              "s": [
                162.5,
                271.424,
                0
              ]
            }
          ],
          "ix": 2,
          "l": 2
        },
        "a": {
          "a": 0,
          "k": [
            0,
            0,
            0
          ],
          "ix": 1,
          "l": 2
        },
        "s": {
          "a": 0,
          "k": [
            100,
            100,
            100
          ],
          "ix": 6,
          "l": 2
        }
      },
      "ao": 0,
      "shapes": [
        {
          "ty": "gr",
          "it": [
            {
              "d": 1,
              "ty": "el",
              "s": {
                "a": 0,
                "k": [
                  47,
                  47
                ],
                "ix": 2
              },
              "p": {
                "a": 0,
                "k": [
                  0,
                  0
                ],
                "ix": 3
              },
              "nm": "Tracé d'ellipse 1",
              "mn": "ADBE Vector Shape - Ellipse",
              "hd": false
            },
            {
              "ty": "st",
              "c": {
                "a": 0,
                "k": [
                  0.003921568627,
                  0.619607843137,
                  0.525490196078,
                  1
                ],
                "ix": 3
              },
              "o": {
                "a": 0,
                "k": 100,
                "ix": 4
              },
              "w": {
                "a": 0,
                "k": 0,
                "ix": 5
              },
              "lc": 1,
              "lj": 1,
              "ml": 4,
              "bm": 0,
              "nm": "Contour 1",
              "mn": "ADBE Vector Graphic - Stroke",
              "hd": false
            },
            {
              "ty": "fl",
              "c": {
                "a": 0,
                "k": [
                  1,
                  0.21568627450980393,
                  0.3803921568627451,
                  1
                ],
                "ix": 4
              },
              "o": {
                "a": 0,
                "k": 100,
                "ix": 5
              },
              "r": 1,
              "bm": 0,
              "nm": "Fond 1",
              "mn": "ADBE Vector Graphic - Fill",
              "hd": false
            },
            {
              "ty": "tr",
              "p": {
                "a": 0,
                "k": [
                  9.75,
                  1.25
                ],
                "ix": 2
              },
              "a": {
                "a": 0,
                "k": [
                  0,
                  0
                ],
                "ix": 1
              },
              "s": {
                "a": 0,
                "k": [
                  100,
                  100
                ],
                "ix": 3
              },
              "r": {
                "a": 0,
                "k": 0,
                "ix": 6
              },
              "o": {
                "a": 0,
                "k": 100,
                "ix": 7
              },
              "sk": {
                "a": 0,
                "k": 0,
                "ix": 4
              },
              "sa": {
                "a": 0,
                "k": 0,
                "ix": 5
              },
              "nm": "Transformer "
            }
          ],
          "nm": "Ellipse 1",
          "np": 3,
          "cix": 2,
          "bm": 0,
          "ix": 1,
          "mn": "ADBE Vector Group",
          "hd": false
        }
      ],
      "ip": 0,
      "op": 1800,
      "st": 0,
      "bm": 0
    },
    {
      "ddd": 0,
      "ind": 4,
      "ty": 4,
      "nm": "Fond",
      "sr": 1,
      "ks": {
        "o": {
          "a": 0,
          "k": 100,
          "ix": 11
        },
        "r": {
          "a": 0,
          "k": 0,
          "ix": 10
        },
        "p": {
          "a": 0,
          "k": [
            247.09599999999998,
            185,
            0
          ],
          "ix": 2,
          "l": 2
        },
        "a": {
          "a": 0,
          "k": [
            0,
            0,
            0
          ],
          "ix": 1,
          "l": 2
        },
        "s": {
          "a": 0,
          "k": [
            125.373,
            134.884,
            100
          ],
          "ix": 6,
          "l": 2
        }
      },
      "ao": 0,
      "shapes": [
        {
          "ty": "gr",
          "it": [
            {
              "ind": 0,
              "ty": "sh",
              "ix": 1,
              "ks": {
                "a": 0,
                "k": {
                  "i": [
                    [
                      0,
                      -22.091
                    ],
                    [
                      0,
                      0
                    ],
                    [
                      22.091,
                      0
                    ],
                    [
                      0,
                      0
                    ],
                    [
                      0,
                      22.091
                    ],
                    [
                      0,
                      0
                    ],
                    [
                      -22.091,
                      0
                    ],
                    [
                      0,
                      0
                    ]
                  ],
                  "o": [
                    [
                      0,
                      0
                    ],
                    [
                      0,
                      22.091
                    ],
                    [
                      0,
                      0
                    ],
                    [
                      -22.091,
                      0
                    ],
                    [
                      0,
                      0
                    ],
                    [
                      0.25,
                      -43.75
                    ],
                    [
                      0,
                      0
                    ],
                    [
                      22.091,
                      0
                    ]
                  ],
                  "v": [
                    [
                      131,
                      -24
                    ],
                    [
                      131,
                      24
                    ],
                    [
                      91,
                      64
                    ],
                    [
                      -91,
                      64
                    ],
                    [
                      -131,
                      24
                    ],
                    [
                      -131,
                      -24
                    ],
                    [
                      -113,
                      -63.75
                    ],
                    [
                      91,
                      -64
                    ]
                  ],
                  "c": true
                },
                "ix": 2
              },
              "nm": "Tracé 1",
              "mn": "ADBE Vector Shape - Group",
              "hd": false
            },
            {
              "ty": "rc",
              "d": 1,
              "s": {
                "a": 0,
                "k": [
                  262,
                  128
                ],
                "ix": 2
              },
              "p": {
                "a": 0,
                "k": [
                  0,
                  0
                ],
                "ix": 3
              },
              "r": {
                "a": 0,
                "k": 80,
                "ix": 4
              },
              "nm": "Tracé rectangulaire 1",
              "mn": "ADBE Vector Shape - Rect",
              "hd": false
            },
            {
              "ty": "st",
              "c": {
                "a": 0,
                "k": [
                  0.003921568627,
                  0.619607843137,
                  0.525490196078,
                  1
                ],
                "ix": 3
              },
              "o": {
                "a": 0,
                "k": 100,
                "ix": 4
              },
              "w": {
                "a": 0,
                "k": 0,
                "ix": 5
              },
              "lc": 1,
              "lj": 1,
              "ml": 4,
              "bm": 0,
              "nm": "Contour 1",
              "mn": "ADBE Vector Graphic - Stroke",
              "hd": false
            },
            {
              "ty": "fl",
              "c": {
                "a": 0,
                "k": [
                  0.9607843137254902,
                  0.9607843137254902,
                  0.9607843137254902,
                  1
                ],
                "ix": 4
              },
              "o": {
                "a": 0,
                "k": 100,
                "ix": 5
              },
              "r": 1,
              "bm": 0,
              "nm": "Fond 1",
              "mn": "ADBE Vector Graphic - Fill",
              "hd": false
            },
            {
              "ty": "tr",
              "p": {
                "a": 0,
                "k": [
                  3,
                  65
                ],
                "ix": 2
              },
              "a": {
                "a": 0,
                "k": [
                  0,
                  0
                ],
                "ix": 1
              },
              "s": {
                "a": 0,
                "k": [
                  100,
                  100
                ],
                "ix": 3
              },
              "r": {
                "a": 0,
                "k": 0,
                "ix": 6
              },
              "o": {
                "a": 0,
                "k": 100,
                "ix": 7
              },
              "sk": {
                "a": 0,
                "k": 0,
                "ix": 4
              },
              "sa": {
                "a": 0,
                "k": 0,
                "ix": 5
              },
              "nm": "Transformer "
            }
          ],
          "nm": "Rectangle 1",
          "np": 4,
          "cix": 2,
          "bm": 0,
          "ix": 1,
          "mn": "ADBE Vector Group",
          "hd": false
        }
      ],
      "ip": 0,
      "op": 1800,
      "st": 0,
      "bm": 0
    }
  ],
  "markers": []
}